{
    "Average Population Density": 231.7766081871345,
    "Average Poverty Rate": 12.721637426900585
}